tool,count,avg_migration_ns,avg_rollback_ns,avg_cpu_pct,avg_mem_bytes,success_pct
Flyway,100,9575057690.0,10270681791.0,1.5641864341878324,45154503.49,100.0
Liquibase,100,11390932019.0,12864893448.0,1.0815693434741853,49175134.09,100.0
