tool,count,avg_migration_ns,avg_rollback_ns,avg_cpu_pct,avg_mem_bytes,success_pct
Flyway-forward,13,1057177334.5384616,nan,1.0213691982095368,50844587.30384615,nan
Flyway-rollback,13,1183982339.7692308,nan,0.9851670915817159,50866252.93692307,nan
Liquibase-forward,13,1261494375.0769231,nan,1.0705061162735985,52197336.28692308,nan
Liquibase-rollback,13,1436397530.1538463,nan,0.9939998748590024,52476344.04076922,nan
