tool,count,avg_migration_ns,avg_rollback_ns,avg_cpu_pct,avg_mem_bytes,success_pct
Flyway,100,84110865185.07,129345887034.91,1.1431169277521376,71169041.19,100.0
Liquibase,100,81798815333.99,127629435971.03,0.8855152972421275,75945229.5,100.0
